{
  "project_info": {
    "project_number": "859327463420",
    "project_id": "wo-app-cbf2d",
    "storage_bucket": "wo-app-cbf2d.appspot.com"
  },
  "client": [
    {
      "client_info": {
        "mobilesdk_app_id": "1:859327463420:android:b3151ee237dcea2cb63c79",
        "android_client_info": {
          "package_name": "com.flutterflow.sniffsocial"
        }
      },
      "oauth_client": [
        {
          "client_id": "859327463420-kp5dubtgj6cfki2mqe4gadbdntaqbvv2.apps.googleusercontent.com",
          "client_type": 3
        }
      ],
      "api_key": [
        {
          "current_key": "AIzaSyBjafIYzk4H_GQ_clmC6ipuc3fXd7SLW8Y"
        }
      ],
      "services": {
        "appinvite_service": {
          "other_platform_oauth_client": [
            {
              "client_id": "859327463420-kp5dubtgj6cfki2mqe4gadbdntaqbvv2.apps.googleusercontent.com",
              "client_type": 3
            },
            {
              "client_id": "859327463420-rqfnkhg8cvmrnp3fhd84r3n1nbjuog85.apps.googleusercontent.com",
              "client_type": 2,
              "ios_info": {
                "bundle_id": "com.flutterflow.sniffsocial"
              }
            }
          ]
        }
      }
    }
  ],
  "configuration_version": "1"
}