{
  "indexes": [
    {
      "collectionGroup": "postComments",
      "queryScope": "COLLECTION",
      "fields": [
        {
          "fieldPath": "post",
          "order": "ASCENDING"
        },
        {
          "fieldPath": "timePosted",
          "order": "DESCENDING"
        }
      ]
    },
    {
      "collectionGroup": "storyComments",
      "queryScope": "COLLECTION",
      "fields": [
        {
          "fieldPath": "storyAssociation",
          "order": "ASCENDING"
        },
        {
          "fieldPath": "timePosted",
          "order": "DESCENDING"
        }
      ]
    },
    {
      "collectionGroup": "userPosts",
      "queryScope": "COLLECTION",
      "fields": [
        {
          "fieldPath": "postUser",
          "order": "ASCENDING"
        },
        {
          "fieldPath": "timePosted",
          "order": "DESCENDING"
        }
      ]
    },
    {
      "collectionGroup": "chats",
      "queryScope": "COLLECTION",
      "fields": [
        {
          "fieldPath": "users",
          "arrayConfig": "CONTAINS"
        },
        {
          "fieldPath": "last_message_time",
          "order": "DESCENDING"
        }
      ]
    },
    {
      "collectionGroup": "chat_messages",
      "queryScope": "COLLECTION",
      "fields": [
        {
          "fieldPath": "chat",
          "order": "ASCENDING"
        },
        {
          "fieldPath": "timestamp",
          "order": "DESCENDING"
        }
      ]
    }
  ]
}